CATEGORY;ADDRESS;CITY;ZIPCODE
Un salon (8 places);Rue Plantamour 11;Genève;1201
Un salon (8 places);Rue Plantamour 11;Genève;1201
Un salon (8 places);Rue Plantamour 11;Genève;1201
Un salon (8 places);Rue Plantamour 11;Genève;1201
Un salon (8 places);Rue Plantamour 11;Genève;1201
Un salon (8 places);Rue Plantamour 11;Genève;1201
Un salon (8 places);Rue Plantamour 11;Genève;1201
Un salon (8 places);Rue Plantamour 11;Genève;1201
Un demi-salon (4 places);Ch. des Chesaux 14B;Cugy;1053
Un demi-salon (4 places);Ch. des Chesaux 14B;Cugy;1053
Un demi-salon (4 places);Ch. des Chesaux 14B;Cugy;1053
Un demi-salon (4 places);Ch. des Chesaux 14B;Cugy;1053
Un demi-salon (4 places);Rue de l'Industrie 11;Lausanne;1005
Un demi-salon (4 places);Rue de l'Industrie 11;Lausanne;1005
Un demi-salon (4 places);Rue de l'Industrie 11;Lausanne;1005
Un demi-salon (4 places);Rue de l'Industrie 11;Lausanne;1005
Un salon (8 places);Avenue Collonges 19;Lausanne;1004
Un salon (8 places);Avenue Collonges 19;Lausanne;1004
Un salon (8 places);Avenue Collonges 19;Lausanne;1004
Un salon (8 places);Avenue Collonges 19;Lausanne;1004
Un salon (8 places);Avenue Collonges 19;Lausanne;1004
Un salon (8 places);Avenue Collonges 19;Lausanne;1004
Un salon (8 places);Avenue Collonges 19;Lausanne;1004
Un salon (8 places);Avenue Collonges 19;Lausanne;1004
Un salon (8 places);Place Chauderon 3;Lausanne;1003
Un salon (8 places);Place Chauderon 3;Lausanne;1003
Un salon (8 places);Place Chauderon 3;Lausanne;1003
Un salon (8 places);Place Chauderon 3;Lausanne;1003
Un salon (8 places);Place Chauderon 3;Lausanne;1003
Un salon (8 places);Place Chauderon 3;Lausanne;1003
Un salon (8 places);Place Chauderon 3;Lausanne;1003
Un salon (8 places);Place Chauderon 3;Lausanne;1003
Un salon (8 places);Place des Augustins 7;Geneve;1205
Un salon (8 places);Place des Augustins 7;Geneve;1205
Un salon (8 places);Place des Augustins 7;Geneve;1205
Un salon (8 places);Place des Augustins 7;Geneve;1205
Un salon (8 places);Place des Augustins 7;Geneve;1205
Un salon (8 places);Place des Augustins 7;Geneve;1205
Un salon (8 places);Place des Augustins 7;Geneve;1205
Un salon (8 places);Place des Augustins 7;Geneve;1205
Un demi-salon (4 places);Route de Crans 61;Lens;1978
Un demi-salon (4 places);Route de Crans 61;Lens;1978
Un demi-salon (4 places);Route de Crans 61;Lens;1978
Un demi-salon (4 places);Route de Crans 61;Lens;1978
Un quart de salon (2 places);Ruelle du Faubourg 4;Uvrier;1958
Un quart de salon (2 places);Ruelle du Faubourg 4;Uvrier;1958
Un quart de salon (2 places);rue Voltaire 9;Lausanne;1006
Un quart de salon (2 places);rue Voltaire 9;Lausanne;1006
Un quart de salon (2 places);Avenue de Morges 19;Lausanne;1004
Un quart de salon (2 places);Avenue de Morges 19;Lausanne;1004
Un demi-salon (4 places);Rue des vignerons 43;Vétroz;1963
Un demi-salon (4 places);Rue des vignerons 43;Vétroz;1963
Un demi-salon (4 places);Rue des vignerons 43;Vétroz;1963
Un demi-salon (4 places);Rue des vignerons 43;Vétroz;1963
Un demi-salon (4 places);Rue des vignerons 43;Vétroz;1963
Un demi-salon (4 places);Rue des vignerons 43;Vétroz;1963
Un demi-salon (4 places);Rue des vignerons 43;Vétroz;1963
Un demi-salon (4 places);Rue des vignerons 43;Vétroz;1963
Un demi-salon (4 places);Route des Ormeaux 34;Blignou;1966
Un demi-salon (4 places);Route des Ormeaux 34;Blignou;1966
Un demi-salon (4 places);Route des Ormeaux 34;Blignou;1966
Un demi-salon (4 places);Route des Ormeaux 34;Blignou;1966
Un demi-salon (4 places);Cp 4180;Sion;1950
Un demi-salon (4 places);Cp 4180;Sion;1950
Un demi-salon (4 places);Cp 4180;Sion;1950
Un demi-salon (4 places);Cp 4180;Sion;1950
Un demi-salon (4 places);Cp 4180;Sion;1950
Un demi-salon (4 places);Cp 4180;Sion;1950
Un demi-salon (4 places);Cp 4180;Sion;1950
Un demi-salon (4 places);Cp 4180;Sion;1950
Un demi-salon (4 places);Impasse Mon-Chez-Nous 2;Fribourg;1700
Un demi-salon (4 places);Impasse Mon-Chez-Nous 2;Fribourg;1700
Un demi-salon (4 places);Impasse Mon-Chez-Nous 2;Fribourg;1700
Un demi-salon (4 places);Impasse Mon-Chez-Nous 2;Fribourg;1700
Un quart de salon (2 places);Impasse des artisans 4B;Bramois;1967
Un quart de salon (2 places);Impasse des artisans 4B;Bramois;1967
Un demi-salon (4 places);Chemin du mont 1;Chemin dessus;1927
Un demi-salon (4 places);Chemin du mont 1;Chemin dessus;1927
Un demi-salon (4 places);Chemin du mont 1;Chemin dessus;1927
Un demi-salon (4 places);Chemin du mont 1;Chemin dessus;1927
Un demi-salon (4 places);Chemin du mont 1;Chemin dessus;1927
Un demi-salon (4 places);Chemin du mont 1;Chemin dessus;1927
Un demi-salon (4 places);Chemin du mont 1;Chemin dessus;1927
Un demi-salon (4 places);Chemin du mont 1;Chemin dessus;1927
Un demi-salon (4 places);Rue du Stade 48;Fully;1926
Un demi-salon (4 places);Rue du Stade 48;Fully;1926
Un demi-salon (4 places);Rue du Stade 48;Fully;1926
Un demi-salon (4 places);Rue du Stade 48;Fully;1926
Un demi-salon (4 places);Anzere 102A;Arbaz;1974
Un demi-salon (4 places);Anzere 102A;Arbaz;1974
Un demi-salon (4 places);Anzere 102A;Arbaz;1974
Un demi-salon (4 places);Anzere 102A;Arbaz;1974
Un quart de salon (2 places);grand Pré 54;Conthey;1964
Un quart de salon (2 places);grand Pré 54;Conthey;1964
Un demi-salon (4 places);Impasse des Tours 6;Sierre;3960
Un demi-salon (4 places);Impasse des Tours 6;Sierre;3960
Un demi-salon (4 places);Impasse des Tours 6;Sierre;3960
Un demi-salon (4 places);Impasse des Tours 6;Sierre;3960
Un salon (8 places);Längisried 5;Oberschrot;1716
Un salon (8 places);Längisried 5;Oberschrot;1716
Un salon (8 places);Längisried 5;Oberschrot;1716
Un salon (8 places);Längisried 5;Oberschrot;1716
Un salon (8 places);Längisried 5;Oberschrot;1716
Un salon (8 places);Längisried 5;Oberschrot;1716
Un salon (8 places);Längisried 5;Oberschrot;1716
Un salon (8 places);Längisried 5;Oberschrot;1716
Un salon (8 places);Chemin de la Biolette 11;Conthey;1964
Un salon (8 places);Chemin de la Biolette 11;Conthey;1964
Un salon (8 places);Chemin de la Biolette 11;Conthey;1964
Un salon (8 places);Chemin de la Biolette 11;Conthey;1964
Un salon (8 places);Chemin de la Biolette 11;Conthey;1964
Un salon (8 places);Chemin de la Biolette 11;Conthey;1964
Un salon (8 places);Chemin de la Biolette 11;Conthey;1964
Un salon (8 places);Chemin de la Biolette 11;Conthey;1964
Un demi-salon (4 places);Av. de la Gare 10;St-Pierre-de-Clages;1955
Un demi-salon (4 places);Av. de la Gare 10;St-Pierre-de-Clages;1955
Un demi-salon (4 places);Av. de la Gare 10;St-Pierre-de-Clages;1955
Un demi-salon (4 places);Av. de la Gare 10;St-Pierre-de-Clages;1955
Un demi-salon (4 places);Chemin de Provence 49;Fully;1926
Un demi-salon (4 places);Chemin de Provence 49;Fully;1926
Un demi-salon (4 places);Chemin de Provence 49;Fully;1926
Un demi-salon (4 places);Chemin de Provence 49;Fully;1926
Un quart de salon (2 places);Ch. des collines 14;Sierre;3960
Un quart de salon (2 places);Ch. des collines 14;Sierre;3960
Un quart de salon (2 places);Brückenweg 8;Visp;3930
Un quart de salon (2 places);Brückenweg 8;Visp;3930
Un demi-salon (4 places);Fontanette 22;Grone;3979
Un demi-salon (4 places);Fontanette 22;Grone;3979
Un demi-salon (4 places);Fontanette 22;Grone;3979
Un demi-salon (4 places);Fontanette 22;Grone;3979
Un quart de salon (2 places);Fontanette 22;Grone;3979
Un quart de salon (2 places);Fontanette 22;Grone;3979
Un demi-salon (4 places);Rte de la Combe 6;Ayer;3961
Un demi-salon (4 places);Rte de la Combe 6;Ayer;3961
Un demi-salon (4 places);Rte de la Combe 6;Ayer;3961
Un demi-salon (4 places);Rte de la Combe 6;Ayer;3961
Un quart de salon (2 places);Route de Meyrin 27;Genève;1202
Un quart de salon (2 places);Route de Meyrin 27;Genève;1202
Un quart de salon (2 places);Route de Meyrin 27;Genève;1202
Un quart de salon (2 places);Route de Meyrin 27;Genève;1202
Un salon (8 places);Avenue de l'Europe 105;Monthey;1870
Un salon (8 places);Avenue de l'Europe 105;Monthey;1870
Un salon (8 places);Avenue de l'Europe 105;Monthey;1870
Un salon (8 places);Avenue de l'Europe 105;Monthey;1870
Un salon (8 places);Avenue de l'Europe 105;Monthey;1870
Un salon (8 places);Avenue de l'Europe 105;Monthey;1870
Un salon (8 places);Avenue de l'Europe 105;Monthey;1870
Un salon (8 places);Avenue de l'Europe 105;Monthey;1870
Invitation;;;
Invitation;;;
Un quart de salon (2 places);Avenue Maurice-Troillet 111;Sion;1950
Un quart de salon (2 places);Avenue Maurice-Troillet 111;Sion;1950
Un salon (8 places);Rue de Surgat 14;Grimisuat;1971
Un salon (8 places);Rue de Surgat 14;Grimisuat;1971
Un salon (8 places);Rue de Surgat 14;Grimisuat;1971
Un salon (8 places);Rue de Surgat 14;Grimisuat;1971
Un salon (8 places);Rue de Surgat 14;Grimisuat;1971
Un salon (8 places);Rue de Surgat 14;Grimisuat;1971
Un salon (8 places);Rue de Surgat 14;Grimisuat;1971
Un salon (8 places);Rue de Surgat 14;Grimisuat;1971
Un quart de salon (2 places);Chemin du Signal 1;Crans Montana;3963
Un quart de salon (2 places);Chemin du Signal 1;Crans Montana;3963
Un quart de salon (2 places);Cerisiers 16;Choëx;1871
Un quart de salon (2 places);Cerisiers 16;Choëx;1871
Un demi-salon (4 places);Freiestrasse 134;Zürich;8032
Un demi-salon (4 places);Freiestrasse 134;Zürich;8032
Un demi-salon (4 places);Freiestrasse 134;Zürich;8032
Un demi-salon (4 places);Freiestrasse 134;Zürich;8032
Un salon (8 places);Route du Clovelli 9;Crans-Montana;3963
Un salon (8 places);Route du Clovelli 9;Crans-Montana;3963
Un salon (8 places);Route du Clovelli 9;Crans-Montana;3963
Un salon (8 places);Route du Clovelli 9;Crans-Montana;3963
Un salon (8 places);Route du Clovelli 9;Crans-Montana;3963
Un salon (8 places);Route du Clovelli 9;Crans-Montana;3963
Un salon (8 places);Route du Clovelli 9;Crans-Montana;3963
Un salon (8 places);Route du Clovelli 9;Crans-Montana;3963
Un demi-salon (4 places);Sur le mont 3;Ravoire;1928
Un demi-salon (4 places);Sur le mont 3;Ravoire;1928
Un demi-salon (4 places);Sur le mont 3;Ravoire;1928
Un demi-salon (4 places);Sur le mont 3;Ravoire;1928
Un quart de salon (2 places);CP12;Sembrancher;1933
Un quart de salon (2 places);CP12;Sembrancher;1933
Un quart de salon (2 places);Route de Préjeux;Sion;1950
Un quart de salon (2 places);Route de Préjeux;Sion;1950
Invitation;;;
Invitation;;;
Invitation;;;
Invitation;;;
Invitation;;;
Invitation;;;
Invitation;;;
Invitation;;;
Un quart de salon (2 places);Chemin des Oisillons 15;Pully;1009
Un quart de salon (2 places);Chemin des Oisillons 15;Pully;1009
Un quart de salon (2 places);Chemin des Oisillons 15;Pully;1009
Un quart de salon (2 places);Chemin des Oisillons 15;Pully;1009
Invitation;;;
Invitation;;;
Invitation;;;
Invitation;;;
Un quart de salon (2 places);Edmond Bille 63b;Sierre;3960
Un quart de salon (2 places);Edmond Bille 63b;Sierre;3960
Un quart de salon (2 places);Edmond Bille 63b;Sierre;3960
Un quart de salon (2 places);Edmond Bille 63b;Sierre;3960
Un quart de salon (2 places);Chemin de Vex 27;Sion;1950
Un quart de salon (2 places);Chemin de Vex 27;Sion;1950
Un quart de salon (2 places);Ch. des Rayes 11;Grimisuat;1971
Un quart de salon (2 places);Ch. des Rayes 11;Grimisuat;1971
Un quart de salon (2 places);Vae Plan Na 6;Savièse;1965
Un quart de salon (2 places);Vae Plan Na 6;Savièse;1965
Un quart de salon (2 places);Chemin de la Rosette 32;Basse Nendaz;1996
Un quart de salon (2 places);Chemin de la Rosette 32;Basse Nendaz;1996
Billets de côté pour Audemars Piguet;;;
Billets de côté pour Audemars Piguet;;;
Billets de côté pour Audemars Piguet;;;
Billets de côté pour Audemars Piguet;;;
Billets de côté pour Audemars Piguet;;;
Billets de côté pour Audemars Piguet;;;
Un quart de salon (2 places);Rue du Chanoine-Berchtold 9;Sion;1950
Un quart de salon (2 places);Rue du Chanoine-Berchtold 9;Sion;1950
Un quart de salon (2 places);Rue du Chanoine-Berchtold 9;Sion;1950
Un quart de salon (2 places);Rue du Chanoine-Berchtold 9;Sion;1950
Un quart de salon (2 places);Rue monnier 7;Genève;1206
Un quart de salon (2 places);Rue monnier 7;Genève;1206